sensor_id,timestamp,temperature,humidity,location,sensor_type
1020,2025-03-31 22:18:36,19.9,58.77,BuildingA_Floor1,TypeC
1061,2025-03-31 23:14:08,29.49,63.25,BuildingB_Floor1,TypeB
1098,2025-04-01 13:35:37,25.27,51.27,BuildingB_Floor1,TypeC
1094,2025-03-31 05:45:54,32.08,43.9,BuildingA_Floor1,TypeA
1043,2025-04-02 03:47:39,32.41,72.38,BuildingA_Floor1,TypeA
1039,2025-03-31 04:48:41,31.51,65.97,BuildingB_Floor2,TypeA
1063,2025-03-31 03:18:01,29.11,46.1,BuildingB_Floor1,TypeC
1018,2025-04-02 23:59:28,23.86,37.52,BuildingA_Floor2,TypeC
1084,2025-04-01 23:15:19,26.85,58.69,BuildingA_Floor1,TypeB
1062,2025-03-31 09:13:47,19.84,65.9,BuildingB_Floor1,TypeA
1041,2025-03-31 10:55:23,24.38,59.82,BuildingA_Floor1,TypeC
1013,2025-04-03 18:06:15,20.4,50.45,BuildingB_Floor1,TypeC
1098,2025-04-01 04:17:28,32.09,73.68,BuildingB_Floor1,TypeA
1044,2025-03-31 02:54:57,25.88,70.98,BuildingB_Floor1,TypeA
1065,2025-04-03 22:57:57,31.86,60.24,BuildingA_Floor2,TypeB
1032,2025-03-31 19:20:35,20.8,73.33,BuildingA_Floor2,TypeA
1073,2025-04-03 10:27:18,26.02,60.23,BuildingB_Floor1,TypeA
1054,2025-04-03 05:22:44,33.53,57.95,BuildingB_Floor2,TypeB
1036,2025-04-02 17:00:50,15.62,65.22,BuildingB_Floor2,TypeA
1018,2025-03-31 05:29:11,32.71,62.54,BuildingB_Floor2,TypeB
1064,2025-04-02 05:12:36,19.43,60.2,BuildingB_Floor1,TypeC
1004,2025-04-04 02:49:39,22.69,32.53,BuildingA_Floor1,TypeA
1040,2025-04-01 13:10:36,25.25,62.24,BuildingA_Floor2,TypeA
1054,2025-04-01 09:46:16,29.14,44.9,BuildingA_Floor2,TypeA
1072,2025-04-03 00:32:58,16.1,73.16,BuildingA_Floor2,TypeA
1058,2025-03-31 07:44:40,15.77,50.97,BuildingB_Floor1,TypeA
1032,2025-04-03 09:40:35,18.3,32.49,BuildingA_Floor2,TypeC
1086,2025-04-02 20:43:22,21.73,31.87,BuildingA_Floor2,TypeB
1098,2025-04-03 14:31:50,19.84,64.91,BuildingB_Floor2,TypeA
1080,2025-04-01 14:58:04,33.76,77.91,BuildingA_Floor2,TypeA
1067,2025-03-31 19:21:31,33.75,71.13,BuildingA_Floor2,TypeA
1038,2025-04-01 04:39:03,23.65,69.92,BuildingB_Floor1,TypeC
1039,2025-04-02 21:22:28,29.1,48.08,BuildingA_Floor1,TypeC
1086,2025-04-04 16:50:46,21.1,56.3,BuildingA_Floor2,TypeA
1079,2025-04-02 03:33:39,20.32,48.73,BuildingB_Floor2,TypeA
1096,2025-04-02 18:27:07,18.38,64.34,BuildingB_Floor1,TypeA
1052,2025-04-01 07:27:33,27.92,45.46,BuildingB_Floor1,TypeB
1099,2025-03-31 12:19:29,22.11,58.39,BuildingA_Floor2,TypeC
1032,2025-04-04 09:42:21,23.06,41.56,BuildingB_Floor2,TypeA
1075,2025-04-04 17:13:56,25.16,36.18,BuildingB_Floor1,TypeC
1040,2025-04-02 09:59:37,30.67,30.8,BuildingB_Floor2,TypeC
1041,2025-04-03 10:57:34,26.71,52.98,BuildingA_Floor1,TypeC
1073,2025-03-31 23:14:27,19.13,67.54,BuildingA_Floor2,TypeB
1071,2025-04-02 03:26:45,32.81,40.52,BuildingA_Floor2,TypeA
1000,2025-04-01 11:30:51,31.98,65.24,BuildingA_Floor2,TypeA
1077,2025-04-01 14:59:44,27.35,54.38,BuildingA_Floor1,TypeA
1057,2025-03-31 22:40:34,23.45,59.89,BuildingB_Floor2,TypeC
1066,2025-04-04 03:46:30,30.36,30.97,BuildingB_Floor2,TypeA
1086,2025-04-03 03:25:45,26.36,34.17,BuildingA_Floor2,TypeC
1049,2025-03-31 01:04:05,21.63,60.49,BuildingB_Floor1,TypeA
1022,2025-03-31 19:33:26,22.96,71.98,BuildingB_Floor1,TypeB
1011,2025-04-01 12:48:26,23.65,40.74,BuildingA_Floor1,TypeC
1040,2025-04-01 04:07:03,21.39,43.84,BuildingA_Floor2,TypeA
1039,2025-03-31 10:59:36,22.56,61.4,BuildingB_Floor2,TypeA
1008,2025-04-02 16:16:36,31.3,35.37,BuildingA_Floor1,TypeA
1087,2025-03-31 16:25:25,34.27,50.98,BuildingB_Floor2,TypeC
1045,2025-04-03 17:54:46,34.57,48.27,BuildingA_Floor1,TypeA
1011,2025-04-03 12:31:38,24.93,55.17,BuildingB_Floor1,TypeC
1015,2025-04-03 20:52:29,18.24,78.0,BuildingA_Floor2,TypeC
1029,2025-03-31 05:57:20,18.38,32.56,BuildingA_Floor1,TypeA
1042,2025-03-31 22:35:33,31.93,57.07,BuildingB_Floor2,TypeA
1034,2025-04-02 02:03:01,23.09,51.22,BuildingB_Floor1,TypeB
1037,2025-04-02 11:28:16,15.83,56.34,BuildingA_Floor1,TypeC
1050,2025-03-31 19:14:33,26.44,30.72,BuildingA_Floor1,TypeA
1066,2025-04-04 10:44:08,21.73,32.24,BuildingB_Floor2,TypeA
1089,2025-04-04 13:17:02,19.62,43.51,BuildingA_Floor1,TypeC
1019,2025-04-01 04:45:24,24.97,36.23,BuildingA_Floor1,TypeA
1085,2025-04-02 14:04:18,32.31,74.31,BuildingB_Floor2,TypeA
1064,2025-04-03 14:55:14,31.53,53.29,BuildingA_Floor1,TypeB
1087,2025-04-03 11:56:10,33.53,36.69,BuildingB_Floor1,TypeB
1026,2025-04-01 22:28:18,33.27,43.6,BuildingB_Floor2,TypeB
1019,2025-04-02 09:03:21,34.81,66.87,BuildingA_Floor1,TypeB
1049,2025-03-31 00:51:22,21.13,38.7,BuildingA_Floor2,TypeB
1100,2025-03-31 03:20:17,31.84,43.49,BuildingA_Floor2,TypeA
1100,2025-04-02 08:55:05,34.22,31.01,BuildingB_Floor1,TypeC
1007,2025-03-30 23:48:55,33.77,58.05,BuildingB_Floor2,TypeB
1081,2025-04-03 21:45:50,22.15,79.09,BuildingA_Floor2,TypeC
1021,2025-04-02 22:46:30,19.9,65.69,BuildingA_Floor1,TypeB
1058,2025-04-01 12:44:15,29.84,75.62,BuildingA_Floor1,TypeA
1041,2025-04-01 13:01:32,26.2,73.21,BuildingB_Floor2,TypeC
1092,2025-04-02 08:51:18,33.4,70.52,BuildingA_Floor2,TypeA
1020,2025-04-02 15:20:59,29.85,71.53,BuildingB_Floor2,TypeB
1058,2025-04-02 00:31:38,18.05,52.96,BuildingB_Floor2,TypeB
1081,2025-04-03 09:22:27,30.82,72.53,BuildingB_Floor1,TypeA
1028,2025-03-31 15:21:20,32.13,66.65,BuildingA_Floor1,TypeB
1075,2025-04-04 11:24:16,29.48,50.53,BuildingA_Floor2,TypeC
1004,2025-03-31 21:15:33,17.72,61.03,BuildingB_Floor2,TypeA
1088,2025-03-31 08:38:31,18.36,66.11,BuildingB_Floor2,TypeA
1030,2025-03-31 08:03:16,24.4,44.48,BuildingA_Floor1,TypeB
1067,2025-04-04 16:57:24,18.7,33.02,BuildingB_Floor1,TypeC
1037,2025-04-02 06:25:33,20.88,62.86,BuildingA_Floor1,TypeA
1007,2025-04-03 08:44:51,34.61,62.01,BuildingB_Floor1,TypeC
1073,2025-03-31 22:05:05,15.87,40.12,BuildingA_Floor2,TypeB
1042,2025-04-03 16:52:49,15.35,36.01,BuildingB_Floor1,TypeB
1072,2025-04-04 07:12:50,29.28,52.11,BuildingB_Floor2,TypeA
1090,2025-04-03 00:52:06,18.16,72.72,BuildingB_Floor1,TypeA
1100,2025-04-01 06:04:58,28.46,59.8,BuildingB_Floor1,TypeA
1037,2025-04-01 09:58:54,15.75,55.69,BuildingB_Floor1,TypeB
1038,2025-04-01 13:51:53,27.98,63.69,BuildingB_Floor1,TypeB
1033,2025-04-03 01:53:43,33.43,34.71,BuildingA_Floor1,TypeB
1054,2025-03-31 04:20:51,19.42,37.77,BuildingB_Floor1,TypeC
1066,2025-04-03 17:59:33,34.44,76.72,BuildingA_Floor2,TypeB
1053,2025-04-03 13:47:15,26.07,40.47,BuildingA_Floor1,TypeC
1015,2025-04-04 05:01:22,22.44,64.14,BuildingB_Floor1,TypeB
1024,2025-04-01 16:58:31,30.9,63.99,BuildingB_Floor1,TypeB
1049,2025-04-01 15:41:12,31.58,42.0,BuildingA_Floor1,TypeC
1066,2025-04-03 13:28:46,28.97,77.34,BuildingA_Floor1,TypeB
1033,2025-04-03 20:50:16,25.29,50.8,BuildingB_Floor1,TypeA
1078,2025-04-03 23:31:55,34.57,65.89,BuildingB_Floor2,TypeC
1000,2025-04-01 05:00:36,31.84,76.96,BuildingB_Floor1,TypeC
1060,2025-03-31 10:50:01,18.41,47.77,BuildingB_Floor2,TypeA
1012,2025-03-31 16:50:35,17.29,70.64,BuildingB_Floor2,TypeC
1087,2025-04-03 23:35:48,15.05,44.97,BuildingA_Floor2,TypeC
1034,2025-04-02 12:49:36,20.32,65.88,BuildingA_Floor2,TypeB
1002,2025-03-31 03:33:44,32.57,70.26,BuildingB_Floor2,TypeA
1020,2025-04-01 17:44:36,15.24,75.43,BuildingA_Floor1,TypeA
1026,2025-04-02 02:45:04,23.35,55.89,BuildingB_Floor1,TypeC
1086,2025-03-31 12:17:29,28.78,76.79,BuildingB_Floor2,TypeB
1071,2025-04-01 23:29:09,25.52,60.73,BuildingA_Floor2,TypeA
1083,2025-04-04 08:20:39,25.8,60.79,BuildingA_Floor1,TypeB
1059,2025-04-01 19:13:32,20.33,58.39,BuildingB_Floor1,TypeB
1002,2025-03-31 07:16:14,24.22,56.96,BuildingB_Floor2,TypeA
1068,2025-04-02 01:39:03,15.89,31.66,BuildingA_Floor2,TypeC
1014,2025-03-31 18:33:04,23.3,52.85,BuildingA_Floor1,TypeC
1003,2025-04-01 14:18:50,33.51,71.58,BuildingA_Floor1,TypeB
1010,2025-04-03 12:12:59,15.51,79.45,BuildingA_Floor1,TypeA
1032,2025-03-31 21:21:02,27.98,30.68,BuildingB_Floor2,TypeC
1095,2025-04-01 01:30:21,25.04,78.11,BuildingB_Floor1,TypeC
1098,2025-04-01 21:01:34,20.78,30.96,BuildingA_Floor1,TypeA
1034,2025-04-03 09:17:48,26.4,69.75,BuildingB_Floor2,TypeA
1100,2025-04-03 08:14:09,23.17,31.17,BuildingA_Floor1,TypeB
1040,2025-04-03 14:06:59,31.61,48.82,BuildingB_Floor1,TypeC
1097,2025-03-31 20:30:04,25.94,49.27,BuildingA_Floor1,TypeB
1068,2025-04-02 05:25:01,18.54,44.05,BuildingB_Floor2,TypeA
1088,2025-04-03 15:58:27,25.42,47.34,BuildingA_Floor1,TypeB
1069,2025-04-02 18:29:28,23.5,67.8,BuildingA_Floor2,TypeB
1047,2025-04-03 15:31:36,27.07,64.31,BuildingB_Floor1,TypeB
1057,2025-04-02 08:33:34,15.48,57.75,BuildingB_Floor2,TypeC
1028,2025-04-01 07:16:52,15.31,43.87,BuildingA_Floor1,TypeC
1049,2025-03-31 08:00:30,23.9,33.24,BuildingB_Floor2,TypeC
1066,2025-04-01 09:50:32,32.7,43.17,BuildingB_Floor1,TypeC
1086,2025-04-01 08:38:15,31.25,61.87,BuildingA_Floor1,TypeA
1057,2025-04-02 20:45:24,23.77,74.43,BuildingB_Floor2,TypeA
1055,2025-03-30 22:44:41,26.76,36.12,BuildingB_Floor1,TypeC
1002,2025-04-01 06:42:26,28.22,54.88,BuildingB_Floor2,TypeC
1083,2025-04-02 15:11:43,26.92,62.23,BuildingB_Floor2,TypeC
1083,2025-03-31 18:48:51,23.96,79.99,BuildingB_Floor2,TypeB
1072,2025-03-31 03:55:26,19.72,69.47,BuildingB_Floor1,TypeC
1044,2025-04-01 20:05:08,25.76,48.34,BuildingA_Floor2,TypeA
1054,2025-04-01 13:21:09,29.53,76.99,BuildingA_Floor1,TypeA
1048,2025-03-31 07:07:17,27.47,32.31,BuildingB_Floor1,TypeA
1021,2025-04-03 19:01:38,31.23,30.47,BuildingA_Floor2,TypeB
1031,2025-03-31 22:54:15,32.58,57.19,BuildingA_Floor1,TypeB
1084,2025-04-03 01:44:47,31.69,34.08,BuildingB_Floor1,TypeA
1084,2025-03-31 10:22:59,27.84,56.97,BuildingA_Floor1,TypeC
1016,2025-04-03 18:00:57,29.93,32.89,BuildingA_Floor2,TypeB
1044,2025-04-03 18:23:24,22.33,31.54,BuildingA_Floor1,TypeC
1014,2025-04-03 02:44:57,17.55,59.5,BuildingA_Floor2,TypeB
1041,2025-04-03 14:09:25,26.31,42.65,BuildingA_Floor2,TypeA
1093,2025-03-30 21:14:44,19.56,52.6,BuildingA_Floor1,TypeB
1041,2025-04-01 11:12:11,22.96,72.12,BuildingA_Floor2,TypeC
1081,2025-04-02 21:08:39,19.61,41.56,BuildingB_Floor2,TypeA
1077,2025-04-04 07:45:01,15.1,57.33,BuildingA_Floor2,TypeB
1013,2025-04-03 17:30:13,18.21,39.69,BuildingA_Floor1,TypeB
1017,2025-04-03 06:30:27,28.58,58.59,BuildingA_Floor1,TypeC
1053,2025-04-04 12:45:34,15.31,59.91,BuildingA_Floor1,TypeC
1072,2025-04-02 05:57:53,27.19,30.71,BuildingA_Floor1,TypeB
1002,2025-04-02 15:00:14,33.51,50.31,BuildingB_Floor2,TypeB
1032,2025-04-04 15:09:52,33.97,34.44,BuildingB_Floor1,TypeC
1042,2025-03-31 14:18:47,24.16,45.1,BuildingA_Floor2,TypeA
1078,2025-03-31 22:34:55,31.13,70.05,BuildingB_Floor1,TypeB
1059,2025-04-03 06:23:28,24.71,48.01,BuildingB_Floor2,TypeB
1013,2025-04-03 15:30:02,26.15,58.16,BuildingA_Floor2,TypeB
1031,2025-04-01 20:28:27,17.92,68.67,BuildingA_Floor2,TypeA
1007,2025-04-03 08:05:11,32.55,49.18,BuildingB_Floor1,TypeA
1081,2025-04-03 13:35:36,20.13,53.28,BuildingB_Floor1,TypeA
1043,2025-04-01 19:41:08,31.2,47.97,BuildingA_Floor2,TypeA
1091,2025-03-31 19:19:12,25.99,56.06,BuildingA_Floor1,TypeB
1062,2025-04-01 23:05:52,32.37,58.82,BuildingB_Floor1,TypeB
1094,2025-04-01 16:34:18,25.24,37.98,BuildingA_Floor1,TypeA
1063,2025-04-04 01:32:21,21.31,69.68,BuildingB_Floor1,TypeB
1010,2025-04-02 19:51:23,15.73,72.13,BuildingB_Floor1,TypeC
1012,2025-04-03 23:26:40,29.03,59.29,BuildingA_Floor1,TypeA
1096,2025-04-04 04:22:13,19.15,71.81,BuildingA_Floor2,TypeB
1071,2025-04-03 16:58:17,28.22,52.02,BuildingB_Floor2,TypeB
1041,2025-04-02 02:08:42,33.98,45.84,BuildingA_Floor2,TypeB
1006,2025-04-03 12:53:26,21.78,30.98,BuildingA_Floor1,TypeA
1080,2025-04-04 03:39:29,19.63,35.62,BuildingA_Floor1,TypeA
1057,2025-04-02 02:14:50,33.09,46.92,BuildingA_Floor1,TypeC
1056,2025-04-02 20:09:02,17.28,38.55,BuildingB_Floor1,TypeB
1079,2025-04-02 04:10:04,32.57,72.82,BuildingA_Floor2,TypeA
1028,2025-04-02 11:41:38,30.2,41.24,BuildingB_Floor1,TypeB
1076,2025-04-02 10:36:01,31.24,66.46,BuildingB_Floor2,TypeC
1084,2025-04-03 16:16:59,33.02,63.2,BuildingB_Floor1,TypeC
1068,2025-04-04 12:35:37,15.76,45.6,BuildingB_Floor2,TypeB
1033,2025-04-04 06:00:05,17.95,60.93,BuildingB_Floor1,TypeA
1000,2025-03-31 15:00:33,26.93,62.52,BuildingB_Floor2,TypeC
1009,2025-03-30 20:38:11,28.33,39.86,BuildingB_Floor2,TypeB
1096,2025-04-03 17:13:18,16.98,47.61,BuildingA_Floor2,TypeB
1081,2025-03-31 11:59:13,30.8,63.87,BuildingB_Floor2,TypeB
1063,2025-04-04 00:29:18,27.44,55.56,BuildingA_Floor1,TypeB
1096,2025-04-04 00:55:47,25.52,43.84,BuildingA_Floor2,TypeA
1067,2025-04-02 06:45:04,18.59,73.33,BuildingA_Floor2,TypeC
1020,2025-03-31 08:19:40,25.5,58.82,BuildingB_Floor2,TypeC
1076,2025-03-31 07:15:36,32.92,39.67,BuildingB_Floor1,TypeA
1057,2025-04-04 07:12:50,22.11,30.52,BuildingB_Floor2,TypeA
1031,2025-03-31 13:10:21,24.45,48.24,BuildingB_Floor2,TypeC
1080,2025-04-01 06:46:20,15.04,79.64,BuildingA_Floor1,TypeB
1067,2025-03-31 13:12:55,32.62,70.16,BuildingA_Floor1,TypeB
1057,2025-04-03 17:09:31,23.32,53.83,BuildingB_Floor1,TypeB
1026,2025-04-04 09:32:29,24.98,75.82,BuildingB_Floor2,TypeB
1070,2025-04-01 20:41:23,31.39,77.7,BuildingA_Floor2,TypeB
1042,2025-04-04 03:49:11,18.17,40.08,BuildingA_Floor1,TypeA
1068,2025-04-02 00:31:28,22.4,50.25,BuildingA_Floor1,TypeB
1062,2025-03-31 09:52:44,29.79,56.98,BuildingA_Floor2,TypeB
1009,2025-04-03 11:21:43,31.44,54.03,BuildingA_Floor2,TypeC
1085,2025-04-02 11:18:36,30.67,69.84,BuildingB_Floor2,TypeA
1002,2025-04-04 12:04:29,16.15,65.64,BuildingB_Floor2,TypeB
1044,2025-03-31 05:08:04,16.56,51.44,BuildingB_Floor1,TypeA
1063,2025-04-02 06:44:47,22.75,38.49,BuildingA_Floor1,TypeB
1098,2025-04-04 07:19:56,29.88,49.73,BuildingA_Floor2,TypeA
1022,2025-04-01 07:54:34,26.26,31.27,BuildingA_Floor1,TypeC
1088,2025-04-01 14:07:18,33.27,69.87,BuildingA_Floor2,TypeB
1095,2025-04-04 00:08:42,24.29,65.69,BuildingA_Floor1,TypeA
1096,2025-03-30 21:30:46,28.06,48.52,BuildingA_Floor1,TypeB
1019,2025-04-02 21:11:16,23.38,69.09,BuildingB_Floor2,TypeC
1006,2025-04-04 04:27:57,20.54,46.42,BuildingB_Floor2,TypeB
1054,2025-04-01 15:41:30,20.23,76.91,BuildingB_Floor1,TypeB
1082,2025-03-31 04:33:24,22.17,37.39,BuildingB_Floor2,TypeC
1100,2025-04-01 15:04:29,15.76,74.7,BuildingA_Floor1,TypeB
1046,2025-04-04 12:03:11,20.83,45.32,BuildingB_Floor1,TypeB
1050,2025-04-01 06:25:35,32.92,63.5,BuildingB_Floor1,TypeA
1074,2025-04-02 17:36:46,34.38,70.62,BuildingA_Floor1,TypeC
1036,2025-04-03 18:14:58,29.6,62.98,BuildingA_Floor1,TypeB
1007,2025-03-31 10:13:06,26.33,37.12,BuildingA_Floor2,TypeC
1085,2025-03-31 01:42:40,26.98,47.52,BuildingB_Floor1,TypeA
1099,2025-04-04 00:12:11,28.14,39.75,BuildingA_Floor1,TypeB
1052,2025-04-01 23:20:28,17.42,48.02,BuildingA_Floor2,TypeC
1074,2025-04-01 08:11:12,15.81,41.97,BuildingB_Floor2,TypeB
1042,2025-04-03 16:10:10,21.24,77.48,BuildingA_Floor1,TypeC
1025,2025-03-31 22:21:04,29.34,36.47,BuildingB_Floor1,TypeC
1059,2025-04-02 05:02:01,19.67,36.31,BuildingB_Floor2,TypeA
1015,2025-04-02 01:03:08,16.94,32.34,BuildingA_Floor1,TypeA
1067,2025-04-02 05:00:04,15.68,36.21,BuildingA_Floor1,TypeC
1035,2025-04-01 04:23:10,34.94,38.81,BuildingB_Floor2,TypeA
1020,2025-03-31 07:21:52,30.46,47.92,BuildingB_Floor1,TypeB
1020,2025-04-01 06:59:05,28.66,62.82,BuildingA_Floor2,TypeA
1012,2025-04-03 23:12:24,24.98,37.22,BuildingB_Floor2,TypeA
1072,2025-03-31 03:25:28,26.64,35.54,BuildingB_Floor1,TypeC
1070,2025-04-02 12:57:11,28.17,75.57,BuildingB_Floor2,TypeC
1066,2025-03-31 08:38:42,18.38,50.79,BuildingA_Floor2,TypeA
1033,2025-04-02 21:27:08,17.22,67.2,BuildingA_Floor1,TypeB
1073,2025-03-30 22:18:25,21.5,30.69,BuildingB_Floor1,TypeA
1027,2025-04-03 22:51:47,34.27,33.53,BuildingA_Floor2,TypeC
1034,2025-03-31 08:19:30,22.29,75.47,BuildingB_Floor1,TypeA
1024,2025-03-31 13:19:00,27.6,77.38,BuildingA_Floor2,TypeA
1071,2025-04-03 01:11:16,28.04,49.03,BuildingA_Floor2,TypeB
1023,2025-03-31 14:36:44,31.35,44.47,BuildingA_Floor2,TypeB
1085,2025-04-04 14:03:07,19.28,34.65,BuildingA_Floor1,TypeC
1013,2025-04-04 17:18:34,20.42,72.24,BuildingA_Floor1,TypeB
1047,2025-04-03 09:07:19,23.14,75.85,BuildingA_Floor1,TypeA
1049,2025-04-04 11:27:50,24.58,51.84,BuildingB_Floor1,TypeC
1078,2025-04-03 08:20:03,25.22,30.23,BuildingA_Floor2,TypeA
1048,2025-04-03 17:12:18,29.9,45.73,BuildingB_Floor2,TypeB
1033,2025-03-31 19:56:22,24.0,64.95,BuildingA_Floor2,TypeA
1023,2025-04-03 11:01:36,16.58,46.93,BuildingB_Floor1,TypeC
1092,2025-04-01 18:19:23,30.84,47.92,BuildingA_Floor1,TypeA
1012,2025-04-02 10:56:27,17.65,34.42,BuildingA_Floor1,TypeC
1064,2025-03-31 15:24:34,23.81,40.83,BuildingB_Floor1,TypeC
1041,2025-04-01 09:20:52,21.49,42.35,BuildingB_Floor1,TypeC
1014,2025-04-04 08:56:09,30.15,37.48,BuildingA_Floor1,TypeA
1069,2025-04-04 16:34:53,24.08,70.1,BuildingA_Floor2,TypeA
1038,2025-04-01 12:27:23,21.72,77.9,BuildingA_Floor1,TypeC
1084,2025-03-31 12:02:13,26.62,40.66,BuildingB_Floor2,TypeA
1016,2025-04-04 12:50:11,15.82,34.14,BuildingB_Floor1,TypeB
1031,2025-04-01 03:16:06,23.97,47.35,BuildingA_Floor2,TypeB
1072,2025-04-04 16:13:09,21.91,38.18,BuildingB_Floor1,TypeC
1037,2025-03-31 11:38:05,32.44,61.58,BuildingB_Floor1,TypeB
1081,2025-03-30 21:36:32,26.94,69.63,BuildingA_Floor1,TypeB
1093,2025-04-01 23:17:19,21.71,50.07,BuildingB_Floor1,TypeC
1012,2025-04-02 14:01:27,32.15,75.76,BuildingB_Floor2,TypeA
1063,2025-04-04 01:04:09,22.98,32.54,BuildingB_Floor2,TypeA
1021,2025-03-31 05:44:45,20.25,69.96,BuildingB_Floor1,TypeB
1001,2025-04-03 05:30:10,34.07,58.63,BuildingA_Floor2,TypeC
1096,2025-04-03 16:22:19,17.03,36.54,BuildingA_Floor1,TypeC
1032,2025-04-03 19:11:50,26.04,68.82,BuildingA_Floor1,TypeC
1058,2025-03-30 20:29:13,17.19,79.88,BuildingB_Floor2,TypeA
1100,2025-04-03 08:09:59,15.74,44.08,BuildingA_Floor2,TypeB
1100,2025-04-01 16:05:58,25.86,37.81,BuildingA_Floor2,TypeB
1045,2025-03-31 05:05:48,21.34,71.45,BuildingA_Floor1,TypeC
1005,2025-04-03 01:30:54,28.27,35.79,BuildingA_Floor2,TypeC
1044,2025-04-03 03:11:57,19.14,30.7,BuildingB_Floor1,TypeB
1055,2025-04-03 13:51:32,29.75,75.58,BuildingB_Floor2,TypeA
1084,2025-04-03 05:35:44,26.13,73.27,BuildingB_Floor1,TypeB
1067,2025-03-31 11:23:23,18.57,62.37,BuildingA_Floor2,TypeC
1047,2025-04-03 14:30:40,30.37,40.08,BuildingB_Floor2,TypeB
1045,2025-03-31 06:30:16,34.66,50.73,BuildingB_Floor2,TypeC
1062,2025-04-02 12:40:09,15.68,30.86,BuildingB_Floor2,TypeC
1047,2025-04-03 22:43:21,25.22,36.24,BuildingA_Floor2,TypeA
1023,2025-04-02 07:26:58,17.36,64.95,BuildingB_Floor1,TypeC
1036,2025-03-31 14:42:05,28.63,68.0,BuildingA_Floor2,TypeB
1024,2025-04-02 02:47:22,25.07,30.45,BuildingB_Floor1,TypeC
1034,2025-03-30 19:51:28,19.14,76.27,BuildingB_Floor2,TypeC
1036,2025-04-03 13:32:07,17.06,40.78,BuildingA_Floor1,TypeC
1042,2025-04-01 09:10:18,20.11,71.25,BuildingA_Floor2,TypeA
1092,2025-04-01 22:28:01,30.27,77.82,BuildingA_Floor2,TypeA
1031,2025-04-01 09:23:46,30.74,57.34,BuildingA_Floor1,TypeC
1019,2025-04-01 15:10:16,22.87,37.49,BuildingA_Floor1,TypeB
1059,2025-04-02 16:57:15,33.0,75.97,BuildingA_Floor2,TypeB
1020,2025-03-31 05:37:20,30.55,30.09,BuildingB_Floor1,TypeA
1060,2025-04-02 06:51:46,32.54,68.04,BuildingA_Floor2,TypeC
1096,2025-04-01 21:37:59,18.99,49.31,BuildingB_Floor2,TypeC
1094,2025-03-31 17:34:46,16.52,57.56,BuildingB_Floor1,TypeB
1016,2025-03-31 05:21:58,27.45,73.69,BuildingB_Floor1,TypeB
1063,2025-04-02 13:34:54,34.05,62.77,BuildingB_Floor1,TypeB
1027,2025-03-31 11:00:16,30.07,38.81,BuildingB_Floor2,TypeB
1007,2025-04-03 13:16:46,19.15,40.99,BuildingA_Floor1,TypeA
1059,2025-03-30 20:16:09,20.85,64.61,BuildingB_Floor2,TypeC
1072,2025-03-30 22:24:55,27.16,31.54,BuildingB_Floor2,TypeC
1048,2025-04-03 16:22:28,30.96,49.96,BuildingB_Floor1,TypeB
1001,2025-03-31 00:25:45,19.09,53.94,BuildingB_Floor1,TypeB
1086,2025-04-02 15:57:03,33.11,31.79,BuildingB_Floor2,TypeB
1023,2025-04-04 12:54:42,19.18,75.39,BuildingB_Floor2,TypeA
1002,2025-04-03 13:28:17,21.45,60.04,BuildingB_Floor2,TypeB
1000,2025-04-03 11:31:33,18.22,69.6,BuildingB_Floor2,TypeC
1011,2025-04-02 00:31:56,19.72,73.45,BuildingA_Floor2,TypeA
1003,2025-03-31 23:32:12,26.93,70.61,BuildingB_Floor2,TypeC
1070,2025-03-30 18:21:07,23.31,48.24,BuildingA_Floor2,TypeC
1097,2025-04-03 04:56:43,30.81,62.64,BuildingA_Floor2,TypeC
1018,2025-04-02 04:34:28,33.93,79.7,BuildingA_Floor1,TypeA
1049,2025-04-01 07:31:04,19.97,30.9,BuildingB_Floor1,TypeA
1083,2025-04-01 09:25:27,26.8,53.6,BuildingB_Floor2,TypeB
1052,2025-04-02 23:02:33,21.03,61.82,BuildingB_Floor2,TypeC
1014,2025-04-04 13:54:42,22.88,37.66,BuildingB_Floor1,TypeC
1002,2025-04-03 13:31:42,22.48,77.16,BuildingB_Floor1,TypeB
1075,2025-03-31 23:33:09,21.24,31.32,BuildingB_Floor1,TypeB
1049,2025-04-01 01:39:21,29.56,59.6,BuildingB_Floor1,TypeA
1049,2025-03-31 09:50:43,15.75,68.89,BuildingB_Floor1,TypeC
1014,2025-04-03 04:12:27,23.45,71.57,BuildingB_Floor2,TypeC
1005,2025-03-31 12:43:55,18.27,64.6,BuildingA_Floor2,TypeC
1009,2025-03-30 22:54:42,19.19,44.17,BuildingB_Floor2,TypeB
1013,2025-03-31 22:43:12,17.3,68.59,BuildingA_Floor2,TypeC
1048,2025-04-02 14:55:50,32.83,45.84,BuildingB_Floor1,TypeC
1034,2025-04-01 21:59:19,30.1,49.26,BuildingA_Floor2,TypeB
1070,2025-04-03 13:41:59,18.66,43.1,BuildingB_Floor1,TypeC
1018,2025-03-30 19:30:26,15.36,64.76,BuildingB_Floor2,TypeA
1036,2025-04-02 11:27:44,34.4,42.46,BuildingA_Floor2,TypeB
1022,2025-04-04 05:00:10,34.6,63.54,BuildingA_Floor1,TypeC
1100,2025-04-03 07:58:54,19.11,36.43,BuildingB_Floor1,TypeC
1050,2025-03-31 16:18:55,24.35,68.21,BuildingB_Floor1,TypeA
1014,2025-04-02 14:37:34,25.46,51.46,BuildingB_Floor2,TypeA
1023,2025-04-02 08:50:03,18.03,39.03,BuildingB_Floor2,TypeC
1031,2025-03-31 08:14:47,26.34,51.51,BuildingB_Floor2,TypeC
1076,2025-04-02 03:25:16,16.46,68.29,BuildingA_Floor2,TypeC
1100,2025-04-04 02:17:03,29.23,68.22,BuildingA_Floor1,TypeC
1011,2025-04-02 09:36:27,28.12,39.56,BuildingA_Floor2,TypeC
1071,2025-04-02 23:43:51,20.31,39.07,BuildingB_Floor2,TypeB
1007,2025-04-04 17:08:12,20.08,67.83,BuildingB_Floor1,TypeB
1041,2025-04-01 19:17:09,17.8,42.35,BuildingA_Floor2,TypeC
1006,2025-03-31 22:57:34,17.8,62.37,BuildingA_Floor2,TypeB
1051,2025-03-31 16:15:58,29.67,46.68,BuildingB_Floor1,TypeC
1039,2025-04-03 03:14:45,30.39,56.19,BuildingA_Floor2,TypeC
1017,2025-03-31 09:56:19,33.2,39.12,BuildingB_Floor2,TypeB
1097,2025-03-31 09:30:53,31.55,63.28,BuildingA_Floor1,TypeA
1018,2025-03-31 14:06:06,16.48,60.55,BuildingB_Floor1,TypeC
1088,2025-03-31 20:52:45,16.56,33.08,BuildingA_Floor2,TypeB
1062,2025-03-31 04:52:23,23.75,59.34,BuildingA_Floor2,TypeA
1018,2025-04-03 05:17:46,30.99,52.89,BuildingB_Floor1,TypeC
1057,2025-04-03 22:47:15,22.45,69.42,BuildingA_Floor1,TypeA
1070,2025-04-03 13:13:46,32.38,44.14,BuildingB_Floor1,TypeB
1047,2025-03-31 08:39:48,24.9,76.21,BuildingB_Floor2,TypeB
1064,2025-03-30 17:58:11,16.5,52.53,BuildingB_Floor1,TypeA
1070,2025-04-02 12:04:37,17.54,61.04,BuildingA_Floor1,TypeB
1090,2025-04-04 08:16:57,29.3,49.54,BuildingB_Floor1,TypeB
1052,2025-03-31 05:56:16,18.88,46.31,BuildingA_Floor1,TypeC
1041,2025-04-02 04:50:41,18.31,76.59,BuildingA_Floor1,TypeB
1025,2025-03-31 18:41:42,30.59,70.84,BuildingB_Floor1,TypeA
1039,2025-04-04 09:52:35,18.27,55.43,BuildingA_Floor1,TypeB
1084,2025-03-31 05:00:41,23.83,78.51,BuildingA_Floor1,TypeA
1039,2025-04-04 01:27:34,19.79,35.33,BuildingB_Floor1,TypeB
1023,2025-03-31 23:38:38,30.32,45.34,BuildingB_Floor1,TypeA
1035,2025-03-31 16:49:20,19.17,45.4,BuildingA_Floor1,TypeC
1046,2025-04-04 17:22:26,31.6,79.3,BuildingA_Floor2,TypeB
1098,2025-04-03 07:12:40,28.32,37.48,BuildingA_Floor2,TypeA
1065,2025-04-01 05:59:21,18.49,47.66,BuildingA_Floor2,TypeA
1050,2025-04-02 14:41:28,18.97,45.46,BuildingA_Floor2,TypeC
1016,2025-03-31 22:41:00,20.82,40.23,BuildingB_Floor1,TypeC
1007,2025-04-03 20:30:52,33.42,54.13,BuildingA_Floor2,TypeA
1029,2025-04-03 08:24:06,29.59,42.79,BuildingA_Floor2,TypeA
1028,2025-04-02 22:07:49,16.66,71.56,BuildingB_Floor2,TypeA
1023,2025-03-31 07:59:18,24.43,31.88,BuildingB_Floor1,TypeA
1037,2025-03-31 11:50:40,26.82,59.68,BuildingA_Floor1,TypeA
1055,2025-04-01 02:47:23,15.95,44.71,BuildingA_Floor2,TypeC
1069,2025-04-03 05:54:58,33.25,62.61,BuildingB_Floor2,TypeB
1094,2025-03-31 21:07:54,20.69,53.15,BuildingA_Floor1,TypeC
1047,2025-03-30 18:26:15,21.9,68.07,BuildingB_Floor2,TypeB
1072,2025-04-03 04:36:17,26.57,40.48,BuildingB_Floor1,TypeC
1084,2025-03-31 18:01:35,21.06,67.08,BuildingB_Floor2,TypeC
1063,2025-04-02 18:53:17,22.02,71.52,BuildingB_Floor1,TypeA
1063,2025-04-02 14:54:22,28.0,56.51,BuildingA_Floor1,TypeA
1100,2025-03-31 14:10:38,15.01,62.44,BuildingB_Floor1,TypeA
1021,2025-04-02 17:12:18,22.98,49.1,BuildingA_Floor2,TypeB
1080,2025-04-04 06:39:41,28.79,38.61,BuildingA_Floor2,TypeA
1087,2025-04-01 07:20:21,29.74,59.43,BuildingB_Floor2,TypeA
1089,2025-04-03 12:23:30,16.57,55.29,BuildingA_Floor2,TypeC
1044,2025-04-03 20:17:13,27.45,43.58,BuildingB_Floor1,TypeB
1035,2025-04-04 16:37:41,17.99,72.08,BuildingB_Floor1,TypeA
1094,2025-04-04 10:50:07,34.51,43.83,BuildingA_Floor2,TypeA
1058,2025-04-01 09:00:42,18.1,59.61,BuildingB_Floor1,TypeA
1014,2025-04-03 01:52:23,18.09,47.57,BuildingB_Floor1,TypeC
1022,2025-04-03 00:34:33,31.35,34.81,BuildingB_Floor1,TypeB
1024,2025-03-31 04:05:40,31.34,53.44,BuildingA_Floor2,TypeB
1061,2025-04-03 07:30:16,21.97,42.24,BuildingB_Floor1,TypeC
1055,2025-04-02 15:37:47,32.03,36.57,BuildingB_Floor2,TypeA
1055,2025-04-03 07:38:25,25.46,32.68,BuildingB_Floor1,TypeA
1006,2025-03-31 10:20:36,19.49,53.64,BuildingB_Floor1,TypeC
1060,2025-04-03 06:23:44,25.51,34.6,BuildingB_Floor2,TypeA
1057,2025-04-01 06:32:59,25.27,47.47,BuildingA_Floor1,TypeA
1016,2025-03-31 12:05:56,20.99,69.62,BuildingA_Floor1,TypeC
1002,2025-04-04 11:53:05,31.7,74.36,BuildingB_Floor1,TypeB
1045,2025-03-30 23:20:13,19.64,54.53,BuildingA_Floor1,TypeA
1052,2025-04-02 14:23:14,24.06,63.55,BuildingB_Floor1,TypeC
1079,2025-04-04 13:46:44,22.19,58.4,BuildingB_Floor1,TypeC
1038,2025-04-02 05:51:53,31.64,31.92,BuildingB_Floor1,TypeB
1002,2025-04-03 18:24:39,25.14,60.07,BuildingA_Floor1,TypeB
1053,2025-04-03 03:37:34,34.92,51.83,BuildingA_Floor2,TypeA
1047,2025-04-04 05:47:21,24.91,65.59,BuildingB_Floor1,TypeB
1072,2025-04-03 13:32:38,31.25,77.96,BuildingA_Floor2,TypeC
1001,2025-04-03 16:53:46,23.51,40.62,BuildingB_Floor1,TypeC
1015,2025-04-02 06:27:08,32.87,32.9,BuildingB_Floor2,TypeA
1065,2025-04-02 21:05:04,21.27,41.38,BuildingB_Floor1,TypeB
1023,2025-04-03 14:42:54,32.78,39.36,BuildingA_Floor1,TypeC
1067,2025-04-02 18:38:53,20.02,75.99,BuildingA_Floor1,TypeC
1016,2025-04-02 18:08:45,24.68,48.5,BuildingA_Floor2,TypeB
1084,2025-04-01 19:35:44,20.84,34.94,BuildingB_Floor2,TypeC
1030,2025-04-03 06:17:19,21.68,74.14,BuildingB_Floor1,TypeB
1059,2025-04-01 21:33:26,21.02,44.25,BuildingB_Floor2,TypeC
1056,2025-04-04 08:22:10,32.72,78.9,BuildingA_Floor2,TypeA
1077,2025-04-02 15:56:03,23.16,73.54,BuildingA_Floor1,TypeC
1063,2025-04-02 12:37:29,27.7,47.57,BuildingA_Floor2,TypeA
1012,2025-04-03 20:18:03,19.3,68.31,BuildingB_Floor1,TypeC
1064,2025-04-01 16:04:12,15.26,41.48,BuildingB_Floor2,TypeC
1041,2025-03-31 23:08:49,24.28,52.17,BuildingA_Floor2,TypeA
1095,2025-03-31 13:31:27,20.23,38.1,BuildingA_Floor2,TypeA
1065,2025-04-03 13:44:47,32.31,56.1,BuildingA_Floor2,TypeA
1022,2025-04-03 09:51:34,22.51,69.66,BuildingB_Floor2,TypeC
1081,2025-04-02 06:42:26,25.67,37.16,BuildingB_Floor1,TypeA
1077,2025-04-02 11:22:38,33.62,66.26,BuildingB_Floor1,TypeB
1041,2025-04-02 17:30:16,22.3,46.96,BuildingA_Floor1,TypeA
1085,2025-03-31 15:09:45,33.42,69.69,BuildingA_Floor1,TypeA
1006,2025-04-03 04:29:49,26.21,43.0,BuildingA_Floor2,TypeC
1013,2025-03-31 19:33:38,30.09,42.96,BuildingA_Floor1,TypeB
1067,2025-04-04 14:13:23,18.78,75.27,BuildingA_Floor2,TypeB
1045,2025-04-04 04:09:27,21.48,39.65,BuildingA_Floor1,TypeB
1023,2025-04-04 09:21:47,32.91,70.9,BuildingA_Floor1,TypeC
1073,2025-04-01 13:44:14,26.43,46.13,BuildingB_Floor2,TypeC
1027,2025-03-30 18:46:12,24.71,76.02,BuildingB_Floor1,TypeB
1059,2025-04-03 01:08:35,19.69,48.37,BuildingA_Floor2,TypeB
1006,2025-04-01 16:14:30,22.28,61.48,BuildingB_Floor1,TypeC
1093,2025-04-02 21:00:57,32.26,62.05,BuildingA_Floor1,TypeB
1100,2025-03-31 01:39:43,32.71,37.15,BuildingB_Floor1,TypeA
1016,2025-04-01 22:13:57,24.34,56.21,BuildingB_Floor2,TypeA
1030,2025-04-02 20:44:11,22.04,34.72,BuildingB_Floor1,TypeC
1052,2025-04-03 13:09:41,23.68,36.82,BuildingA_Floor1,TypeC
1055,2025-04-02 22:01:04,27.52,45.12,BuildingB_Floor2,TypeA
1050,2025-04-01 09:11:06,20.83,34.35,BuildingB_Floor1,TypeC
1008,2025-04-03 22:42:09,28.82,62.46,BuildingB_Floor2,TypeA
1091,2025-03-31 13:50:43,15.74,30.4,BuildingA_Floor2,TypeB
1057,2025-03-30 20:22:45,17.34,75.85,BuildingB_Floor2,TypeC
1028,2025-04-02 22:38:46,20.21,47.18,BuildingA_Floor1,TypeC
1047,2025-04-01 03:28:34,27.86,47.37,BuildingA_Floor2,TypeC
1055,2025-04-04 07:11:58,15.89,46.46,BuildingA_Floor1,TypeB
1071,2025-04-04 10:31:19,18.52,39.54,BuildingA_Floor1,TypeB
1086,2025-04-04 11:17:09,22.15,47.51,BuildingB_Floor2,TypeA
1096,2025-04-02 15:53:16,20.03,57.33,BuildingB_Floor2,TypeB
1060,2025-04-03 19:17:35,17.49,59.03,BuildingA_Floor1,TypeA
1093,2025-04-01 21:35:07,31.22,46.69,BuildingB_Floor1,TypeC
1065,2025-03-31 07:09:40,23.94,47.99,BuildingB_Floor1,TypeB
1005,2025-04-03 20:36:18,25.22,32.26,BuildingA_Floor1,TypeA
1028,2025-04-02 14:31:29,33.25,32.34,BuildingA_Floor1,TypeB
1004,2025-04-02 13:40:05,32.49,75.05,BuildingA_Floor2,TypeC
1035,2025-04-03 15:16:58,19.7,53.94,BuildingB_Floor1,TypeA
1049,2025-04-04 03:42:50,24.54,59.21,BuildingA_Floor2,TypeC
1044,2025-04-01 12:37:21,17.79,77.37,BuildingB_Floor1,TypeA
1037,2025-03-31 22:40:41,22.87,42.18,BuildingB_Floor2,TypeB
1043,2025-03-31 22:22:15,16.6,48.5,BuildingA_Floor2,TypeC
1014,2025-04-04 05:50:24,19.39,32.68,BuildingA_Floor2,TypeC
1039,2025-04-02 18:14:15,16.28,44.93,BuildingB_Floor1,TypeA
1019,2025-04-04 17:45:41,30.11,62.29,BuildingA_Floor2,TypeC
1032,2025-04-01 08:10:43,32.6,61.12,BuildingA_Floor1,TypeA
1094,2025-03-31 14:41:18,26.58,69.28,BuildingA_Floor2,TypeB
1067,2025-04-04 00:12:03,26.46,75.88,BuildingA_Floor1,TypeB
1085,2025-04-02 04:40:06,22.6,33.28,BuildingB_Floor2,TypeB
1058,2025-03-30 21:10:52,33.28,32.4,BuildingA_Floor2,TypeA
1065,2025-03-31 05:29:27,27.17,39.63,BuildingB_Floor2,TypeA
1033,2025-04-03 02:55:03,18.39,45.09,BuildingB_Floor2,TypeA
1020,2025-04-04 02:00:29,27.13,35.81,BuildingB_Floor1,TypeC
1014,2025-04-01 06:34:36,32.28,44.67,BuildingB_Floor1,TypeC
1014,2025-03-31 04:39:06,34.24,51.86,BuildingB_Floor2,TypeC
1074,2025-03-30 18:39:26,25.74,61.34,BuildingA_Floor2,TypeB
1093,2025-04-01 10:56:30,28.49,71.99,BuildingB_Floor1,TypeA
1052,2025-03-30 19:10:37,24.49,58.95,BuildingA_Floor2,TypeC
1061,2025-04-03 17:13:54,16.41,40.73,BuildingB_Floor1,TypeC
1083,2025-04-04 07:39:11,19.07,77.06,BuildingB_Floor1,TypeB
1086,2025-04-02 18:49:01,29.63,54.03,BuildingA_Floor1,TypeC
1003,2025-04-04 00:43:59,30.25,56.32,BuildingB_Floor1,TypeA
1046,2025-04-04 04:50:24,32.17,56.7,BuildingB_Floor2,TypeB
1039,2025-04-01 07:49:32,18.06,60.0,BuildingB_Floor1,TypeA
1023,2025-04-02 15:43:40,23.56,47.88,BuildingB_Floor2,TypeC
1004,2025-04-02 01:04:21,30.34,58.64,BuildingB_Floor1,TypeA
1083,2025-04-02 08:15:49,16.64,33.8,BuildingA_Floor1,TypeC
1070,2025-04-03 20:50:07,21.88,67.4,BuildingA_Floor2,TypeC
1069,2025-03-31 06:13:44,15.61,63.87,BuildingA_Floor2,TypeC
1099,2025-04-03 07:59:25,16.65,39.29,BuildingA_Floor1,TypeA
1025,2025-04-01 08:33:54,19.87,43.18,BuildingA_Floor1,TypeB
1011,2025-04-02 22:17:31,16.97,68.22,BuildingB_Floor1,TypeC
1097,2025-04-02 21:10:14,19.62,65.07,BuildingA_Floor1,TypeB
1089,2025-04-03 00:54:07,27.06,66.4,BuildingA_Floor1,TypeC
1046,2025-04-02 07:24:58,29.51,33.39,BuildingA_Floor1,TypeB
1009,2025-04-02 01:23:54,15.29,60.15,BuildingA_Floor1,TypeA
1044,2025-04-01 13:25:17,22.75,70.01,BuildingB_Floor2,TypeC
1041,2025-04-03 14:56:19,28.79,39.82,BuildingB_Floor2,TypeC
1086,2025-03-31 19:25:56,23.65,70.5,BuildingA_Floor1,TypeC
1079,2025-04-04 09:06:57,15.17,73.69,BuildingA_Floor1,TypeB
1012,2025-04-01 22:29:23,21.12,48.27,BuildingA_Floor2,TypeC
1065,2025-04-01 14:34:43,29.84,77.93,BuildingB_Floor2,TypeC
1053,2025-04-03 10:15:28,22.16,60.77,BuildingA_Floor2,TypeA
1058,2025-04-03 09:44:12,32.52,53.82,BuildingA_Floor1,TypeB
1094,2025-03-31 15:59:02,29.7,57.52,BuildingA_Floor1,TypeC
1084,2025-04-03 21:40:11,31.01,46.58,BuildingA_Floor1,TypeC
1003,2025-04-03 22:04:54,28.93,38.6,BuildingB_Floor2,TypeA
1100,2025-04-01 11:16:27,34.97,55.54,BuildingB_Floor1,TypeC
1095,2025-04-02 17:09:36,27.23,39.99,BuildingA_Floor2,TypeB
1031,2025-04-03 09:38:19,26.76,68.3,BuildingB_Floor1,TypeC
1043,2025-04-02 20:59:33,16.5,40.54,BuildingA_Floor2,TypeC
1066,2025-04-02 01:57:23,20.48,61.9,BuildingB_Floor1,TypeA
1059,2025-04-04 12:15:22,16.09,45.93,BuildingA_Floor2,TypeB
1094,2025-04-02 10:59:55,33.52,37.43,BuildingA_Floor1,TypeC
1087,2025-03-30 18:56:27,26.0,46.41,BuildingA_Floor1,TypeB
1080,2025-04-03 19:41:27,25.95,35.04,BuildingB_Floor2,TypeC
1040,2025-04-01 10:47:17,18.34,53.13,BuildingB_Floor2,TypeB
1036,2025-03-31 13:33:40,17.17,74.47,BuildingB_Floor2,TypeA
1027,2025-04-02 07:56:42,33.32,63.12,BuildingB_Floor2,TypeA
1066,2025-04-01 05:09:27,15.35,67.8,BuildingA_Floor1,TypeA
1063,2025-03-31 22:24:19,16.91,67.27,BuildingB_Floor1,TypeA
1019,2025-04-03 03:48:33,23.43,76.91,BuildingB_Floor2,TypeC
1022,2025-04-03 11:25:46,26.66,42.2,BuildingA_Floor2,TypeB
1003,2025-04-01 04:26:41,22.0,30.9,BuildingA_Floor2,TypeC
1016,2025-04-04 14:08:33,25.98,68.44,BuildingA_Floor2,TypeC
1078,2025-04-02 02:13:31,31.0,55.13,BuildingB_Floor2,TypeA
1007,2025-04-03 23:02:12,33.56,69.18,BuildingB_Floor2,TypeC
1082,2025-04-02 22:22:38,34.98,64.99,BuildingA_Floor2,TypeA
1013,2025-04-04 04:41:05,33.7,63.22,BuildingB_Floor1,TypeA
1053,2025-03-31 18:40:18,18.19,47.51,BuildingA_Floor1,TypeA
1079,2025-04-01 00:11:34,19.28,45.48,BuildingB_Floor2,TypeC
1067,2025-04-03 18:27:23,33.8,45.95,BuildingB_Floor1,TypeA
1050,2025-03-31 22:39:15,21.33,62.41,BuildingB_Floor2,TypeB
1000,2025-04-03 02:43:18,30.04,42.3,BuildingA_Floor2,TypeB
1080,2025-03-31 04:56:08,32.54,43.29,BuildingA_Floor1,TypeA
1010,2025-03-31 11:49:58,30.09,71.94,BuildingB_Floor2,TypeC
1014,2025-04-03 20:36:19,26.18,56.56,BuildingA_Floor2,TypeC
1052,2025-04-03 00:21:59,33.04,58.39,BuildingB_Floor2,TypeC
1064,2025-04-03 07:09:14,18.64,76.9,BuildingA_Floor1,TypeA
1090,2025-04-03 06:38:56,18.27,65.0,BuildingB_Floor2,TypeB
1025,2025-04-02 21:22:58,32.41,40.76,BuildingB_Floor1,TypeB
1054,2025-04-03 23:09:49,18.49,37.54,BuildingA_Floor1,TypeB
1073,2025-04-04 01:21:26,23.66,79.12,BuildingA_Floor2,TypeA
1000,2025-03-31 19:51:19,22.91,49.7,BuildingA_Floor1,TypeB
1067,2025-04-02 20:49:12,32.29,73.22,BuildingB_Floor1,TypeA
1073,2025-04-04 00:43:02,23.88,71.41,BuildingA_Floor2,TypeB
1080,2025-03-31 04:33:06,16.43,36.91,BuildingA_Floor2,TypeB
1011,2025-04-01 16:38:58,24.37,46.0,BuildingB_Floor2,TypeA
1067,2025-04-03 13:23:21,32.23,45.13,BuildingA_Floor1,TypeA
1074,2025-04-04 16:36:07,22.5,37.84,BuildingA_Floor2,TypeB
1085,2025-04-01 01:36:32,30.14,67.61,BuildingB_Floor1,TypeB
1011,2025-04-02 06:33:50,17.41,50.48,BuildingB_Floor2,TypeA
1072,2025-04-02 07:06:34,18.11,75.85,BuildingA_Floor2,TypeA
1048,2025-04-02 13:25:40,18.87,58.21,BuildingB_Floor1,TypeC
1041,2025-03-31 12:08:34,19.59,67.48,BuildingB_Floor1,TypeA
1065,2025-04-02 14:40:37,34.75,47.8,BuildingB_Floor2,TypeB
1040,2025-04-03 05:14:10,17.69,79.34,BuildingB_Floor2,TypeC
1035,2025-04-03 08:44:35,23.43,59.34,BuildingB_Floor1,TypeA
1059,2025-04-01 02:44:08,30.04,71.49,BuildingA_Floor1,TypeA
1060,2025-03-30 23:37:30,24.43,49.72,BuildingB_Floor2,TypeA
1085,2025-04-02 15:14:21,23.1,68.01,BuildingA_Floor1,TypeA
1099,2025-04-02 08:20:13,16.69,78.72,BuildingB_Floor2,TypeC
1026,2025-04-04 04:58:13,26.13,53.01,BuildingB_Floor1,TypeC
1055,2025-03-31 21:57:47,20.46,66.27,BuildingA_Floor2,TypeA
1055,2025-04-04 16:19:16,17.43,78.9,BuildingB_Floor1,TypeC
1021,2025-04-04 00:41:10,23.87,32.33,BuildingB_Floor2,TypeC
1018,2025-04-01 19:32:07,27.0,79.54,BuildingA_Floor2,TypeB
1050,2025-04-04 08:36:43,31.0,62.31,BuildingB_Floor2,TypeA
1083,2025-04-01 07:07:55,16.65,50.84,BuildingA_Floor1,TypeA
1025,2025-03-31 23:30:57,22.2,48.73,BuildingA_Floor2,TypeB
1053,2025-03-31 19:13:18,22.04,41.52,BuildingB_Floor2,TypeA
1088,2025-04-02 04:49:57,17.65,71.14,BuildingA_Floor1,TypeB
1087,2025-04-02 13:10:29,26.84,64.35,BuildingB_Floor1,TypeC
1098,2025-04-03 11:55:06,32.3,70.35,BuildingB_Floor2,TypeB
1081,2025-04-01 12:39:19,26.07,68.53,BuildingB_Floor1,TypeC
1099,2025-04-04 06:33:18,30.14,55.45,BuildingB_Floor1,TypeC
1052,2025-04-04 17:11:21,18.17,44.66,BuildingA_Floor2,TypeC
1093,2025-04-03 20:35:56,27.44,44.24,BuildingA_Floor1,TypeA
1015,2025-04-04 00:18:32,18.69,78.08,BuildingA_Floor1,TypeA
1089,2025-03-31 23:25:14,18.62,65.52,BuildingA_Floor1,TypeC
1041,2025-04-02 04:01:55,28.87,77.35,BuildingB_Floor2,TypeC
1056,2025-04-01 01:20:04,23.57,32.44,BuildingB_Floor2,TypeA
1017,2025-04-01 21:49:56,20.61,71.4,BuildingB_Floor2,TypeB
1046,2025-04-02 18:18:51,30.8,61.23,BuildingA_Floor1,TypeB
1096,2025-04-04 07:01:19,28.51,47.73,BuildingA_Floor1,TypeA
1057,2025-03-31 11:26:42,16.4,58.2,BuildingA_Floor1,TypeA
1094,2025-04-02 18:23:25,19.29,69.48,BuildingA_Floor2,TypeA
1038,2025-04-02 09:18:54,33.9,42.27,BuildingB_Floor1,TypeB
1067,2025-04-01 03:50:57,33.27,49.0,BuildingB_Floor1,TypeB
1013,2025-03-31 06:01:46,32.25,68.23,BuildingB_Floor1,TypeC
1017,2025-04-02 13:22:52,17.21,57.51,BuildingA_Floor2,TypeB
1019,2025-04-01 15:03:45,29.41,78.91,BuildingA_Floor2,TypeB
1039,2025-03-31 16:27:45,34.83,36.37,BuildingA_Floor2,TypeC
1064,2025-04-02 09:11:42,28.3,54.21,BuildingB_Floor2,TypeA
1034,2025-03-31 23:56:26,15.08,60.84,BuildingB_Floor1,TypeC
1078,2025-04-04 10:16:38,28.14,36.86,BuildingB_Floor1,TypeC
1019,2025-03-30 23:57:05,28.28,47.49,BuildingA_Floor2,TypeC
1030,2025-04-01 19:21:47,20.42,49.77,BuildingB_Floor2,TypeB
1047,2025-04-02 05:28:10,23.57,33.79,BuildingA_Floor1,TypeC
1061,2025-04-01 10:23:26,22.41,64.29,BuildingB_Floor1,TypeB
1056,2025-04-02 06:30:43,32.21,75.9,BuildingA_Floor2,TypeC
1062,2025-03-31 10:35:48,31.35,46.71,BuildingB_Floor1,TypeA
1075,2025-04-02 16:29:32,25.3,46.74,BuildingB_Floor1,TypeC
1100,2025-04-04 10:51:41,29.9,54.05,BuildingB_Floor2,TypeC
1085,2025-04-02 00:28:51,23.19,79.32,BuildingA_Floor2,TypeB
1040,2025-04-04 16:26:42,32.0,68.87,BuildingA_Floor1,TypeB
1094,2025-04-04 16:09:08,17.28,37.24,BuildingB_Floor1,TypeB
1073,2025-04-01 05:44:11,16.15,58.46,BuildingA_Floor1,TypeB
1005,2025-04-03 10:50:48,26.47,42.84,BuildingA_Floor2,TypeB
1020,2025-03-31 12:04:40,17.0,58.6,BuildingA_Floor1,TypeC
1038,2025-04-02 22:58:42,21.5,52.07,BuildingB_Floor2,TypeB
1037,2025-03-31 18:28:37,33.68,55.39,BuildingB_Floor2,TypeC
1047,2025-04-01 04:24:35,17.23,35.57,BuildingB_Floor2,TypeA
1022,2025-04-04 15:08:38,25.29,55.67,BuildingB_Floor1,TypeB
1044,2025-03-31 09:27:49,33.32,57.26,BuildingA_Floor2,TypeC
1002,2025-04-03 20:28:36,28.55,31.24,BuildingB_Floor2,TypeB
1059,2025-04-02 13:56:45,26.68,65.36,BuildingA_Floor2,TypeA
1049,2025-03-30 23:42:39,30.13,64.3,BuildingB_Floor1,TypeC
1000,2025-04-03 16:24:20,29.95,55.46,BuildingB_Floor2,TypeB
1033,2025-03-31 12:41:39,34.39,68.25,BuildingA_Floor2,TypeA
1015,2025-04-02 22:47:54,33.46,60.56,BuildingA_Floor2,TypeA
1009,2025-03-30 21:22:50,34.05,30.24,BuildingB_Floor2,TypeB
1099,2025-04-03 04:21:48,29.14,65.93,BuildingA_Floor2,TypeC
1004,2025-03-31 21:13:44,19.73,70.36,BuildingB_Floor2,TypeA
1054,2025-03-30 18:07:31,17.02,55.65,BuildingA_Floor2,TypeA
1016,2025-04-03 12:05:05,28.85,64.95,BuildingA_Floor1,TypeC
1038,2025-04-02 05:04:22,30.35,45.64,BuildingB_Floor2,TypeB
1019,2025-04-03 09:23:29,23.42,33.06,BuildingA_Floor1,TypeA
1043,2025-04-01 12:35:35,29.31,50.15,BuildingB_Floor2,TypeC
1070,2025-04-04 01:12:48,19.61,62.02,BuildingB_Floor2,TypeB
1034,2025-04-01 05:39:18,27.34,57.44,BuildingB_Floor2,TypeA
1053,2025-03-31 16:29:12,27.35,59.37,BuildingA_Floor2,TypeA
1009,2025-04-02 14:27:29,24.1,77.7,BuildingA_Floor1,TypeC
1019,2025-04-04 11:21:42,34.39,79.71,BuildingB_Floor2,TypeC
1092,2025-04-04 16:41:26,33.62,69.42,BuildingA_Floor2,TypeC
1058,2025-04-04 02:13:53,21.09,54.58,BuildingB_Floor2,TypeC
1035,2025-04-03 18:18:15,23.68,45.74,BuildingB_Floor1,TypeC
1046,2025-04-04 02:57:07,15.61,30.36,BuildingB_Floor2,TypeB
1099,2025-03-31 19:09:47,18.58,73.33,BuildingA_Floor2,TypeB
1079,2025-04-04 08:33:23,31.68,61.76,BuildingB_Floor1,TypeC
1008,2025-04-03 04:26:17,32.65,50.69,BuildingA_Floor1,TypeB
1015,2025-04-04 12:41:29,24.36,38.45,BuildingA_Floor1,TypeB
1056,2025-03-31 08:20:59,15.61,58.66,BuildingB_Floor1,TypeB
1042,2025-04-02 04:01:36,21.17,65.35,BuildingB_Floor2,TypeC
1050,2025-04-03 16:35:02,27.08,35.04,BuildingB_Floor2,TypeC
1067,2025-04-02 09:32:22,33.17,72.01,BuildingB_Floor1,TypeA
1007,2025-04-02 09:17:27,17.02,54.37,BuildingA_Floor2,TypeC
1051,2025-03-30 22:44:30,20.06,66.1,BuildingB_Floor2,TypeA
1017,2025-04-03 18:07:05,23.96,67.5,BuildingB_Floor1,TypeC
1072,2025-04-04 02:04:05,19.63,49.61,BuildingB_Floor2,TypeC
1062,2025-03-31 09:08:37,17.16,62.11,BuildingA_Floor2,TypeB
1013,2025-04-03 20:07:32,23.43,31.99,BuildingA_Floor2,TypeB
1017,2025-04-04 09:18:00,22.24,30.66,BuildingA_Floor1,TypeA
1025,2025-03-31 15:02:18,31.33,45.89,BuildingB_Floor2,TypeC
1004,2025-03-31 16:59:56,30.87,40.91,BuildingB_Floor2,TypeC
1012,2025-04-04 03:49:26,24.05,58.03,BuildingA_Floor1,TypeA
1088,2025-04-02 10:52:34,15.61,70.74,BuildingA_Floor1,TypeC
1029,2025-03-31 15:28:44,28.23,42.0,BuildingA_Floor1,TypeA
1020,2025-04-02 12:44:45,22.73,76.87,BuildingA_Floor2,TypeA
1063,2025-04-02 06:01:59,27.01,44.47,BuildingA_Floor2,TypeC
1023,2025-04-01 01:34:26,30.37,61.06,BuildingB_Floor1,TypeA
1081,2025-03-30 20:18:38,21.95,63.01,BuildingA_Floor2,TypeC
1017,2025-04-03 09:25:59,24.83,32.86,BuildingA_Floor2,TypeC
1026,2025-04-03 14:46:37,19.34,51.6,BuildingA_Floor1,TypeC
1045,2025-04-03 03:21:49,16.98,53.22,BuildingB_Floor2,TypeA
1043,2025-04-03 23:01:57,23.34,65.61,BuildingB_Floor2,TypeA
1027,2025-04-03 21:35:16,19.26,43.01,BuildingB_Floor1,TypeC
1085,2025-04-02 00:05:11,15.09,37.09,BuildingB_Floor1,TypeC
1077,2025-04-03 16:59:20,31.85,55.77,BuildingB_Floor2,TypeB
1060,2025-04-03 10:52:35,19.03,40.11,BuildingB_Floor1,TypeA
1079,2025-03-31 19:15:32,29.99,57.27,BuildingA_Floor2,TypeB
1089,2025-04-03 05:42:27,28.23,54.55,BuildingB_Floor1,TypeA
1041,2025-04-02 18:27:04,19.41,77.75,BuildingA_Floor2,TypeC
1089,2025-04-01 19:50:52,19.81,73.85,BuildingB_Floor1,TypeB
1031,2025-04-02 19:21:19,30.75,45.72,BuildingA_Floor1,TypeA
1060,2025-03-31 03:44:23,30.8,51.54,BuildingB_Floor2,TypeB
1008,2025-04-01 12:53:33,25.31,76.91,BuildingA_Floor2,TypeC
1037,2025-03-31 21:26:08,26.47,64.26,BuildingA_Floor2,TypeB
1069,2025-04-01 15:48:50,30.22,70.68,BuildingA_Floor2,TypeB
1075,2025-04-01 08:17:28,23.74,55.38,BuildingB_Floor1,TypeC
1093,2025-04-01 20:18:33,30.01,39.47,BuildingA_Floor2,TypeB
1078,2025-04-03 07:41:04,30.37,63.79,BuildingB_Floor1,TypeB
1058,2025-03-30 22:55:47,33.61,73.69,BuildingA_Floor1,TypeC
1044,2025-04-03 02:57:03,28.8,64.36,BuildingB_Floor1,TypeA
1099,2025-04-04 17:11:26,21.32,43.17,BuildingA_Floor2,TypeC
1063,2025-04-02 17:55:12,33.4,44.73,BuildingB_Floor2,TypeA
1034,2025-04-04 15:19:10,24.93,53.76,BuildingB_Floor2,TypeC
1042,2025-03-30 20:54:14,32.77,45.67,BuildingA_Floor1,TypeC
1031,2025-04-02 15:12:39,22.2,40.98,BuildingA_Floor2,TypeA
1036,2025-04-03 00:03:35,34.86,63.01,BuildingA_Floor2,TypeA
1088,2025-04-04 10:22:15,29.58,63.63,BuildingA_Floor1,TypeA
1043,2025-04-03 19:47:17,32.17,72.01,BuildingA_Floor1,TypeB
1080,2025-04-02 22:31:09,27.7,49.69,BuildingA_Floor1,TypeA
1090,2025-04-02 10:26:07,30.57,54.6,BuildingA_Floor2,TypeA
1053,2025-04-03 00:58:26,22.0,39.87,BuildingB_Floor2,TypeB
1051,2025-03-31 00:55:37,28.75,32.03,BuildingB_Floor2,TypeA
1011,2025-04-03 23:48:34,27.52,52.97,BuildingA_Floor1,TypeC
1046,2025-04-03 15:27:17,23.97,74.98,BuildingB_Floor2,TypeC
1055,2025-04-01 07:02:06,20.08,67.6,BuildingA_Floor2,TypeA
1038,2025-04-03 15:06:11,24.85,45.48,BuildingB_Floor2,TypeC
1027,2025-04-02 02:12:58,24.94,53.23,BuildingB_Floor2,TypeB
1079,2025-04-03 10:43:02,15.57,79.45,BuildingB_Floor1,TypeB
1083,2025-04-01 16:09:17,31.04,79.71,BuildingA_Floor1,TypeB
1070,2025-04-01 07:30:13,30.4,31.64,BuildingA_Floor2,TypeA
1092,2025-04-02 01:42:40,21.44,56.0,BuildingB_Floor2,TypeA
1073,2025-03-31 00:59:50,34.34,73.5,BuildingA_Floor1,TypeC
1021,2025-03-31 15:06:12,18.41,71.14,BuildingB_Floor2,TypeB
1097,2025-03-31 21:25:07,26.72,79.23,BuildingA_Floor2,TypeA
1009,2025-04-03 01:59:42,21.18,63.55,BuildingA_Floor2,TypeC
1100,2025-03-31 22:57:54,15.73,45.71,BuildingB_Floor2,TypeC
1093,2025-04-03 16:18:57,17.85,38.58,BuildingA_Floor2,TypeC
1076,2025-04-02 21:49:20,17.64,49.05,BuildingB_Floor2,TypeB
1051,2025-04-01 21:42:05,30.61,55.01,BuildingB_Floor2,TypeB
1085,2025-04-01 06:37:51,20.53,41.5,BuildingA_Floor1,TypeA
1052,2025-03-31 13:12:39,34.89,75.45,BuildingB_Floor1,TypeC
1019,2025-03-31 10:50:56,20.72,51.14,BuildingB_Floor1,TypeB
1015,2025-04-01 01:07:13,25.01,71.89,BuildingA_Floor1,TypeA
1008,2025-04-02 19:25:26,31.85,59.76,BuildingA_Floor2,TypeB
1032,2025-04-04 06:39:03,25.3,75.13,BuildingA_Floor2,TypeC
1024,2025-04-03 04:37:09,24.18,52.41,BuildingA_Floor2,TypeC
1074,2025-04-03 20:44:36,31.44,53.32,BuildingB_Floor2,TypeB
1002,2025-04-03 08:58:20,15.35,62.27,BuildingA_Floor1,TypeC
1017,2025-04-02 20:14:35,27.35,40.52,BuildingA_Floor1,TypeA
1098,2025-04-01 18:08:22,22.81,75.72,BuildingA_Floor1,TypeA
1072,2025-03-31 02:37:40,29.78,63.46,BuildingA_Floor1,TypeA
1024,2025-04-01 18:59:25,26.23,63.53,BuildingB_Floor1,TypeC
1008,2025-04-04 15:25:32,19.96,74.28,BuildingB_Floor2,TypeB
1004,2025-03-31 02:43:59,16.97,32.51,BuildingA_Floor2,TypeB
1042,2025-04-01 07:57:14,31.41,39.55,BuildingA_Floor1,TypeA
1016,2025-04-01 03:07:54,34.35,53.8,BuildingA_Floor1,TypeA
1019,2025-03-31 14:39:06,29.25,58.97,BuildingA_Floor2,TypeB
1038,2025-04-01 04:44:15,34.79,43.27,BuildingB_Floor1,TypeC
1063,2025-04-03 00:26:50,31.74,51.29,BuildingB_Floor2,TypeA
1082,2025-04-03 21:55:34,22.55,39.17,BuildingB_Floor1,TypeB
1083,2025-04-04 08:34:23,25.41,50.23,BuildingA_Floor2,TypeA
1046,2025-04-03 12:40:59,28.19,67.44,BuildingA_Floor1,TypeA
1090,2025-04-01 12:21:40,18.03,59.56,BuildingA_Floor2,TypeC
1030,2025-04-01 07:22:40,33.22,69.04,BuildingB_Floor1,TypeB
1094,2025-04-02 00:04:14,34.6,59.23,BuildingB_Floor2,TypeB
1002,2025-04-01 02:44:30,16.51,71.92,BuildingA_Floor2,TypeA
1079,2025-03-31 20:43:12,20.42,41.42,BuildingA_Floor2,TypeA
1064,2025-03-31 10:57:25,29.31,61.08,BuildingB_Floor2,TypeC
1007,2025-04-03 03:46:11,26.49,70.24,BuildingB_Floor2,TypeC
1072,2025-03-30 19:04:55,29.9,75.98,BuildingA_Floor1,TypeC
1026,2025-04-02 11:43:10,25.75,30.43,BuildingA_Floor2,TypeB
1071,2025-04-03 07:11:38,22.99,50.23,BuildingA_Floor2,TypeA
1059,2025-04-04 08:14:33,25.31,73.35,BuildingA_Floor1,TypeC
1085,2025-04-03 08:08:58,33.13,39.66,BuildingA_Floor2,TypeA
1054,2025-04-03 02:53:02,23.75,55.62,BuildingB_Floor1,TypeB
1047,2025-04-01 02:36:32,33.43,59.14,BuildingA_Floor1,TypeC
1092,2025-04-02 17:24:43,25.28,54.21,BuildingB_Floor2,TypeC
1100,2025-04-02 21:00:13,20.27,39.93,BuildingB_Floor1,TypeB
1035,2025-04-02 12:52:55,33.46,35.35,BuildingA_Floor2,TypeA
1032,2025-03-31 05:44:49,23.13,47.85,BuildingB_Floor1,TypeA
1085,2025-03-30 20:08:45,24.86,58.91,BuildingA_Floor1,TypeC
1032,2025-03-31 22:58:00,24.53,59.05,BuildingA_Floor1,TypeB
1088,2025-04-04 05:41:14,25.84,44.12,BuildingA_Floor2,TypeA
1030,2025-04-02 17:11:07,29.63,33.81,BuildingB_Floor1,TypeB
1014,2025-04-04 04:24:12,30.83,46.32,BuildingA_Floor2,TypeA
1081,2025-04-02 09:46:23,32.54,63.85,BuildingA_Floor1,TypeA
1020,2025-03-31 20:30:41,19.83,38.7,BuildingA_Floor2,TypeB
1026,2025-03-30 18:35:44,33.73,68.44,BuildingA_Floor1,TypeA
1094,2025-04-02 20:17:12,30.63,57.92,BuildingB_Floor2,TypeB
1009,2025-04-02 01:51:01,24.33,78.0,BuildingA_Floor2,TypeC
1019,2025-04-01 10:00:31,34.19,73.97,BuildingA_Floor2,TypeA
1044,2025-04-01 23:01:44,17.47,40.23,BuildingA_Floor2,TypeC
1088,2025-04-01 05:52:17,26.31,73.61,BuildingB_Floor2,TypeB
1020,2025-04-01 14:35:13,26.29,54.56,BuildingB_Floor2,TypeA
1016,2025-04-04 15:43:20,28.53,60.32,BuildingB_Floor1,TypeA
1029,2025-04-03 00:11:53,23.53,53.92,BuildingB_Floor1,TypeC
1028,2025-04-02 04:18:42,25.58,59.71,BuildingA_Floor1,TypeC
1007,2025-04-03 12:48:43,23.84,71.71,BuildingB_Floor2,TypeA
1092,2025-03-30 23:57:02,32.45,67.4,BuildingB_Floor1,TypeA
1030,2025-04-03 01:49:22,33.72,35.06,BuildingA_Floor1,TypeC
1082,2025-03-31 21:03:16,18.35,69.12,BuildingA_Floor2,TypeB
1008,2025-03-31 11:17:12,18.22,40.92,BuildingB_Floor2,TypeA
1095,2025-04-03 20:24:20,21.55,62.9,BuildingB_Floor2,TypeB
1068,2025-04-03 15:52:04,21.99,44.85,BuildingA_Floor2,TypeB
1086,2025-04-03 00:01:02,20.66,38.78,BuildingB_Floor1,TypeB
1015,2025-04-02 20:18:31,19.98,39.49,BuildingB_Floor2,TypeA
1046,2025-03-31 03:32:51,22.09,39.37,BuildingB_Floor1,TypeA
1015,2025-03-31 15:14:06,18.37,66.05,BuildingB_Floor1,TypeB
1062,2025-04-03 06:28:08,19.73,43.32,BuildingB_Floor2,TypeA
1066,2025-04-04 08:17:37,32.93,49.54,BuildingA_Floor2,TypeA
1005,2025-04-02 21:22:49,17.29,70.24,BuildingB_Floor2,TypeC
1006,2025-04-03 06:35:56,17.39,57.09,BuildingA_Floor2,TypeB
1086,2025-04-02 04:41:31,27.39,68.11,BuildingA_Floor2,TypeC
1090,2025-04-02 04:03:03,19.63,38.4,BuildingB_Floor2,TypeB
1014,2025-04-01 15:34:23,27.48,46.27,BuildingA_Floor2,TypeA
1044,2025-04-02 13:05:03,24.62,45.2,BuildingB_Floor2,TypeA
1005,2025-04-01 13:26:20,18.5,67.23,BuildingB_Floor1,TypeC
1088,2025-03-30 23:39:11,29.17,58.89,BuildingB_Floor2,TypeB
1040,2025-04-01 10:43:33,31.71,39.83,BuildingB_Floor2,TypeC
1098,2025-04-03 06:05:31,16.56,51.79,BuildingB_Floor2,TypeB
1071,2025-04-01 06:51:24,29.66,50.08,BuildingB_Floor1,TypeB
1038,2025-04-01 09:53:58,30.9,61.17,BuildingB_Floor1,TypeB
1091,2025-04-01 07:28:11,23.28,70.48,BuildingB_Floor1,TypeC
1093,2025-04-01 12:20:53,21.79,71.75,BuildingB_Floor2,TypeC
1051,2025-04-04 07:08:42,22.87,55.47,BuildingB_Floor1,TypeB
1008,2025-04-02 19:12:11,26.54,42.83,BuildingA_Floor2,TypeB
1067,2025-04-01 10:31:33,31.73,75.46,BuildingA_Floor2,TypeB
1010,2025-04-04 13:40:30,19.4,34.74,BuildingA_Floor1,TypeC
1083,2025-04-04 15:28:25,26.38,49.05,BuildingB_Floor2,TypeB
1060,2025-04-04 15:08:27,16.0,75.2,BuildingB_Floor2,TypeA
1093,2025-04-03 09:41:56,18.29,38.12,BuildingB_Floor1,TypeB
1017,2025-03-31 22:24:40,34.25,75.41,BuildingA_Floor1,TypeC
1030,2025-04-03 03:24:00,30.8,38.81,BuildingB_Floor2,TypeA
1049,2025-04-01 16:21:19,22.44,62.81,BuildingB_Floor1,TypeC
1020,2025-04-04 13:42:40,19.85,53.42,BuildingB_Floor1,TypeA
1053,2025-03-31 13:32:19,19.28,41.12,BuildingA_Floor1,TypeA
1032,2025-04-04 05:10:28,22.59,61.98,BuildingA_Floor1,TypeB
1031,2025-04-02 17:55:18,18.7,53.04,BuildingB_Floor1,TypeC
1017,2025-04-01 17:03:38,24.31,40.03,BuildingB_Floor1,TypeA
1036,2025-04-02 12:07:45,15.84,53.66,BuildingA_Floor1,TypeA
1046,2025-04-03 20:52:01,23.57,72.67,BuildingB_Floor1,TypeC
1069,2025-04-03 00:58:07,34.73,55.53,BuildingB_Floor2,TypeA
1028,2025-04-01 10:23:27,25.98,45.57,BuildingA_Floor2,TypeC
1034,2025-03-31 07:54:23,25.57,42.74,BuildingB_Floor1,TypeA
1063,2025-04-03 00:04:23,20.28,42.44,BuildingA_Floor1,TypeA
1085,2025-04-02 03:11:16,29.63,69.24,BuildingA_Floor1,TypeA
1098,2025-04-01 16:58:09,31.94,60.0,BuildingA_Floor2,TypeA
1094,2025-04-02 03:39:29,24.66,77.22,BuildingA_Floor2,TypeA
1015,2025-04-04 09:12:53,29.32,33.26,BuildingA_Floor2,TypeC
1096,2025-04-03 00:58:11,29.36,60.06,BuildingB_Floor1,TypeC
1016,2025-04-02 16:50:42,21.19,69.98,BuildingA_Floor2,TypeC
1081,2025-04-03 01:32:19,17.78,40.3,BuildingB_Floor2,TypeA
1006,2025-04-02 08:33:02,30.09,39.03,BuildingA_Floor1,TypeC
1044,2025-03-31 00:30:48,27.73,61.02,BuildingB_Floor1,TypeA
1022,2025-04-02 17:19:08,20.43,55.71,BuildingA_Floor1,TypeC
1027,2025-04-01 12:07:48,27.79,34.25,BuildingA_Floor1,TypeC
1019,2025-04-01 21:46:28,30.32,46.22,BuildingB_Floor1,TypeB
1008,2025-04-02 04:18:20,15.58,62.04,BuildingA_Floor1,TypeB
1042,2025-04-02 06:13:24,17.54,78.25,BuildingB_Floor2,TypeA
1038,2025-04-01 02:03:39,15.39,70.69,BuildingA_Floor1,TypeC
1035,2025-04-03 03:35:37,16.11,64.72,BuildingA_Floor2,TypeB
1053,2025-04-04 11:28:54,32.95,77.63,BuildingA_Floor1,TypeC
1066,2025-04-02 00:05:34,33.44,52.13,BuildingA_Floor2,TypeB
1010,2025-04-01 12:40:01,19.49,31.85,BuildingA_Floor2,TypeB
1088,2025-03-30 21:42:12,17.32,62.23,BuildingB_Floor1,TypeB
1085,2025-04-02 17:07:14,21.72,50.63,BuildingB_Floor1,TypeC
1064,2025-03-31 21:55:47,23.51,52.02,BuildingA_Floor2,TypeA
1034,2025-04-04 04:49:30,30.65,77.28,BuildingB_Floor2,TypeB
1018,2025-04-03 10:42:38,16.58,36.57,BuildingA_Floor2,TypeB
1001,2025-03-31 10:47:23,24.27,41.07,BuildingB_Floor1,TypeB
1043,2025-04-01 07:47:02,22.77,62.36,BuildingA_Floor2,TypeB
1073,2025-03-31 11:50:35,28.44,77.23,BuildingA_Floor1,TypeB
1072,2025-04-02 19:15:51,20.31,59.34,BuildingB_Floor1,TypeA
1045,2025-04-03 15:01:45,17.58,40.2,BuildingB_Floor2,TypeA
1034,2025-04-01 14:26:03,25.53,71.99,BuildingA_Floor2,TypeB
1041,2025-04-01 00:09:53,26.21,59.93,BuildingB_Floor2,TypeB
1032,2025-03-31 03:53:45,28.48,42.45,BuildingB_Floor2,TypeC
1072,2025-03-31 20:42:03,26.47,50.58,BuildingB_Floor2,TypeB
1090,2025-03-31 05:20:36,24.88,79.79,BuildingA_Floor1,TypeC
1055,2025-04-04 07:24:13,22.55,30.29,BuildingB_Floor1,TypeA
1070,2025-04-01 15:49:34,28.9,71.09,BuildingA_Floor2,TypeA
1017,2025-03-30 20:36:32,20.75,41.86,BuildingB_Floor1,TypeB
1066,2025-04-04 02:59:09,16.74,34.14,BuildingA_Floor2,TypeB
1026,2025-04-04 08:42:07,22.76,43.65,BuildingB_Floor1,TypeB
1058,2025-04-02 17:02:21,23.45,51.74,BuildingA_Floor1,TypeC
1049,2025-04-04 15:04:39,16.52,44.84,BuildingB_Floor2,TypeC
1010,2025-03-31 06:45:01,29.5,45.64,BuildingA_Floor1,TypeC
1081,2025-04-04 09:21:24,25.66,52.26,BuildingB_Floor2,TypeA
1077,2025-04-04 09:18:05,22.78,76.19,BuildingA_Floor2,TypeB
1081,2025-04-02 02:50:08,23.15,59.25,BuildingB_Floor2,TypeA
1072,2025-04-01 12:41:01,25.47,51.05,BuildingB_Floor1,TypeB
1037,2025-03-30 22:09:50,29.61,72.71,BuildingB_Floor1,TypeB
1071,2025-04-04 11:23:56,17.8,52.74,BuildingA_Floor1,TypeA
1056,2025-04-04 06:20:23,27.5,35.93,BuildingB_Floor1,TypeC
1063,2025-04-01 06:32:42,33.13,38.93,BuildingA_Floor2,TypeC
1014,2025-04-01 19:38:24,32.83,40.82,BuildingB_Floor1,TypeA
1059,2025-03-31 08:05:33,28.59,62.15,BuildingB_Floor1,TypeB
1056,2025-04-03 21:43:29,29.06,75.26,BuildingA_Floor1,TypeC
1014,2025-04-02 05:19:29,30.37,57.47,BuildingB_Floor2,TypeC
1070,2025-04-02 13:31:49,33.99,60.91,BuildingB_Floor2,TypeC
1030,2025-03-31 11:18:31,27.55,48.08,BuildingB_Floor2,TypeB
1053,2025-04-03 15:36:49,27.22,35.41,BuildingB_Floor2,TypeA
1057,2025-04-03 10:10:22,29.3,50.05,BuildingB_Floor1,TypeB
1099,2025-04-02 18:35:06,20.06,62.49,BuildingA_Floor1,TypeA
1012,2025-04-03 08:21:47,21.63,53.82,BuildingB_Floor1,TypeB
1080,2025-04-03 14:10:08,27.95,58.01,BuildingA_Floor1,TypeB
1085,2025-04-04 13:31:11,32.92,32.04,BuildingA_Floor1,TypeA
1065,2025-04-04 02:58:46,19.98,33.81,BuildingB_Floor1,TypeB
1064,2025-03-31 06:47:01,24.14,57.26,BuildingA_Floor2,TypeA
1043,2025-04-01 20:48:14,31.07,40.98,BuildingA_Floor2,TypeB
1047,2025-03-31 11:59:28,30.93,44.25,BuildingB_Floor1,TypeB
1058,2025-04-01 15:41:41,18.36,34.5,BuildingA_Floor2,TypeC
1076,2025-04-01 09:34:16,20.46,40.47,BuildingA_Floor1,TypeC
1044,2025-04-02 16:55:07,26.32,41.78,BuildingA_Floor2,TypeB
1090,2025-04-01 18:24:01,28.03,44.31,BuildingA_Floor1,TypeB
1041,2025-04-01 02:38:43,24.62,75.62,BuildingA_Floor1,TypeC
1066,2025-03-31 19:10:04,30.22,58.16,BuildingB_Floor1,TypeC
1019,2025-04-02 07:39:00,23.18,35.84,BuildingA_Floor2,TypeB
1006,2025-03-31 17:52:44,22.32,35.21,BuildingA_Floor1,TypeC
1067,2025-04-03 11:34:16,30.42,70.39,BuildingA_Floor2,TypeA
1065,2025-03-30 22:15:25,28.88,42.81,BuildingB_Floor1,TypeB
1007,2025-03-30 19:59:17,25.79,60.73,BuildingA_Floor1,TypeB
1005,2025-03-31 23:06:43,27.86,71.0,BuildingA_Floor2,TypeA
1047,2025-04-02 20:10:34,16.71,48.17,BuildingA_Floor1,TypeC
1049,2025-03-31 23:08:10,25.29,78.2,BuildingA_Floor2,TypeA
1025,2025-04-01 21:27:42,26.75,45.54,BuildingA_Floor1,TypeA
1083,2025-03-31 15:03:22,34.21,69.53,BuildingA_Floor2,TypeA
1082,2025-04-03 22:43:47,15.53,72.67,BuildingB_Floor2,TypeA
1056,2025-04-02 09:47:58,27.21,48.89,BuildingA_Floor2,TypeA
1027,2025-03-31 17:54:17,19.06,63.07,BuildingA_Floor1,TypeC
1038,2025-04-02 21:39:16,29.33,78.76,BuildingA_Floor1,TypeB
1068,2025-04-01 23:32:23,19.81,65.5,BuildingB_Floor2,TypeB
1035,2025-04-03 19:07:17,15.38,47.81,BuildingB_Floor1,TypeA
1051,2025-04-04 04:26:02,15.77,70.67,BuildingB_Floor1,TypeA
1089,2025-04-04 06:51:35,21.49,50.74,BuildingA_Floor1,TypeA
1008,2025-04-01 05:17:09,28.38,46.91,BuildingB_Floor2,TypeC
1068,2025-04-02 10:16:40,20.66,40.34,BuildingA_Floor2,TypeA
1080,2025-04-02 00:33:14,27.55,57.32,BuildingB_Floor2,TypeC
1066,2025-04-02 15:00:36,28.37,59.89,BuildingB_Floor2,TypeB
1003,2025-03-31 08:08:32,22.04,30.65,BuildingA_Floor1,TypeB
1100,2025-04-01 11:49:03,18.07,34.09,BuildingB_Floor1,TypeA
1084,2025-04-01 03:57:29,26.37,63.11,BuildingB_Floor2,TypeC
1047,2025-04-02 00:12:46,32.45,34.04,BuildingA_Floor2,TypeC
1003,2025-03-31 04:38:29,21.42,36.09,BuildingA_Floor1,TypeA
1017,2025-04-03 01:16:55,23.87,56.21,BuildingA_Floor1,TypeC
1069,2025-04-02 09:42:29,33.39,70.34,BuildingA_Floor2,TypeC
1077,2025-04-03 00:28:52,30.94,61.76,BuildingB_Floor2,TypeA
1037,2025-04-02 04:53:46,22.2,53.98,BuildingA_Floor1,TypeA
1095,2025-04-01 17:30:32,21.16,79.08,BuildingB_Floor1,TypeC
1070,2025-04-01 20:46:15,18.27,49.68,BuildingB_Floor2,TypeB
1040,2025-03-31 03:48:20,22.5,31.81,BuildingA_Floor2,TypeC
1003,2025-04-03 22:37:53,19.13,44.98,BuildingB_Floor1,TypeA
1026,2025-03-31 12:26:07,29.8,58.59,BuildingB_Floor1,TypeA
1026,2025-04-02 22:14:38,26.98,48.83,BuildingB_Floor2,TypeC
1042,2025-03-30 23:08:41,32.8,73.7,BuildingA_Floor2,TypeC
1064,2025-04-02 06:34:29,23.85,48.59,BuildingB_Floor2,TypeA
1095,2025-04-04 14:09:50,28.56,31.26,BuildingB_Floor1,TypeC
1036,2025-03-30 22:30:36,30.82,56.93,BuildingA_Floor1,TypeC
1087,2025-04-01 04:08:18,32.03,41.91,BuildingA_Floor2,TypeA
1066,2025-04-02 15:03:33,21.97,35.28,BuildingB_Floor2,TypeC
1015,2025-04-04 02:03:55,34.9,72.13,BuildingB_Floor2,TypeA
1059,2025-04-02 13:47:06,16.48,33.75,BuildingA_Floor2,TypeC
1079,2025-03-31 11:57:01,20.4,52.62,BuildingA_Floor1,TypeB
1040,2025-04-03 07:59:47,15.5,36.75,BuildingA_Floor2,TypeA
1083,2025-04-03 15:09:21,17.89,60.98,BuildingB_Floor1,TypeB
1089,2025-04-02 22:09:39,33.87,52.98,BuildingB_Floor1,TypeB
1035,2025-03-30 19:21:35,19.34,71.23,BuildingB_Floor1,TypeA
1093,2025-04-04 00:48:24,29.05,68.73,BuildingB_Floor2,TypeB
1032,2025-03-31 23:30:49,15.9,44.59,BuildingA_Floor1,TypeC
1062,2025-03-31 07:49:29,27.1,34.35,BuildingA_Floor1,TypeC
1010,2025-04-02 10:03:17,29.14,63.62,BuildingB_Floor1,TypeA
1077,2025-04-04 10:46:45,27.3,48.31,BuildingA_Floor2,TypeB
1030,2025-04-03 12:22:52,22.69,58.94,BuildingA_Floor1,TypeC
1017,2025-04-01 17:05:23,15.24,78.99,BuildingB_Floor1,TypeB
1092,2025-03-31 03:11:59,15.3,79.47,BuildingA_Floor2,TypeB
1051,2025-03-30 23:10:30,21.37,36.18,BuildingA_Floor1,TypeB
1009,2025-03-31 09:55:19,18.28,51.46,BuildingA_Floor1,TypeC
1047,2025-03-31 12:57:43,34.1,79.84,BuildingA_Floor1,TypeC
1007,2025-04-01 02:17:35,15.22,65.16,BuildingA_Floor1,TypeC
1021,2025-04-02 13:42:17,19.99,32.6,BuildingB_Floor2,TypeA
1048,2025-04-03 19:00:37,24.24,36.01,BuildingB_Floor1,TypeA
1003,2025-04-03 22:54:55,31.07,37.52,BuildingA_Floor1,TypeA
1100,2025-04-04 17:45:55,26.09,41.93,BuildingB_Floor2,TypeA
1089,2025-03-31 14:08:41,20.45,54.6,BuildingA_Floor1,TypeB
1095,2025-04-03 21:11:05,22.38,47.02,BuildingA_Floor1,TypeB
1041,2025-04-01 00:25:46,24.33,45.72,BuildingA_Floor2,TypeA
1036,2025-04-03 00:23:31,30.54,67.2,BuildingB_Floor1,TypeC
1090,2025-04-02 14:23:21,33.85,71.7,BuildingB_Floor1,TypeC
1100,2025-04-01 13:46:06,19.24,49.85,BuildingA_Floor1,TypeA
1067,2025-04-01 06:30:56,28.98,57.02,BuildingA_Floor1,TypeB
1004,2025-04-01 22:40:57,20.59,38.19,BuildingA_Floor2,TypeB
1088,2025-04-04 07:39:09,16.95,45.86,BuildingB_Floor2,TypeA
1004,2025-03-31 10:31:46,18.6,69.86,BuildingA_Floor2,TypeB
1096,2025-04-04 02:21:30,19.13,78.83,BuildingA_Floor2,TypeB
1059,2025-04-02 20:09:57,21.01,36.88,BuildingA_Floor1,TypeA
1074,2025-04-03 20:44:30,19.83,73.82,BuildingB_Floor2,TypeA
1057,2025-04-02 10:37:30,23.9,68.43,BuildingB_Floor2,TypeB
1023,2025-04-04 09:15:52,24.09,61.1,BuildingB_Floor2,TypeC
1008,2025-03-30 19:19:03,32.71,35.61,BuildingB_Floor2,TypeB
1027,2025-04-01 01:50:57,29.82,60.81,BuildingB_Floor2,TypeC
1059,2025-04-03 21:20:00,24.14,72.52,BuildingB_Floor2,TypeA
1098,2025-04-03 09:51:40,16.54,35.11,BuildingA_Floor1,TypeC
